TSV:	2026-02-14	00:30	primera división paraguay	Deportivo Recoleta (7) vs Sportivo Luqueno (10)	HT+0.5	5.0	FORT PLUS [R:7-10]	1.5

TSV:	2026-02-14	12:30	super lig	Genclerbirligi (12) vs Rizespor (13)	HT+0.5	8.0	MEGA EXPLOSION [R:12-13]	1.38

TSV:	2026-02-14	13:00	2. bundesliga	Eintracht Braunschweig (14) vs SV Darmstadt 98 (1)	HT+0.5	8.0	MEGA EXPLOSION [R:14-1]	1.3
TSV:	2026-02-14	13:00	2. bundesliga	1. FC Kaiserslautern (7) vs SpVgg Greuther Fürth (18)	HT+0.5	6.0	TRÈS FORT [R:7-18]	1.25

TSV:	2026-02-14	13:15	fa cup	Burton Albion (—) vs West Ham (—)	HT+0.5	8.0	MEGA EXPLOSION [R:—-—]	1.3

TSV:	2026-02-14	14:55	saudi arabia	Al Riyadh (16) vs Al Khaleej Saihat (9)	HT+0.5	8.0	MEGA EXPLOSION [R:16-9]	1.36

TSV:	2026-02-14	15:00	czech first league	Dukla Praha (16) vs Zlin (9)	HT+0.5	6.0	TRÈS FORT [R:16-9]	1.5
TSV:	2026-02-14	15:00	super lig	Alanyaspor (10) vs Konyaspor (14)	HT+0.5	8.0	MEGA EXPLOSION [R:10-14]	1.38
TSV:	2026-02-14	15:00	serie b	Palermo (4) vs Virtus Entella (15)	HT+0.5	6.0	TRÈS FORT [R:4-15]	1.36
TSV:	2026-02-14	15:00	serie a italia	Como (6) vs Fiorentina (18)	HT+0.5	5.0	FORT PLUS [R:6-18]	1.35
TSV:	2026-02-14	15:00	czech first league	Karviná (6) vs Slavia Praha (1)	HT+0.5	5.0	FORT PLUS [R:6-1]	1.28

TSV:	2026-02-14	15:30	bundesliga	Bayer Leverkusen (6) vs FC St. Pauli (17)	HT+0.5	5.0	FORT PLUS [R:6-17]	1.38
TSV:	2026-02-14	15:30	bundesliga	Eintracht Frankfurt (8) vs Borussia Mönchengladbach (12)	HT+0.5	5.0	FORT PLUS [R:8-12]	1.35
TSV:	2026-02-14	15:30	cymru premier league	Caernarfon Town (4) vs Barry Town (6)	HT+0.5	8.0	MEGA EXPLOSION [R:4-6]	1.3
TSV:	2026-02-14	15:30	cymru premier league	Flint Town United (4) vs Briton Ferry (3)	HT+0.5	8.0	MEGA EXPLOSION [R:4-3]	1.25
TSV:	2026-02-14	15:30	bundesliga	Werder Bremen (16) vs Bayern München (1)	HT+0.5	7.0	EXPLOSION [R:16-1]	1.17

TSV:	2026-02-14	16:00	championship	Derby (11) vs Swansea (15)	HT+0.5	7.0	EXPLOSION [R:11-15]	1.5
TSV:	2026-02-14	16:00	pro league	OH Leuven (13) vs Dender (16)	HT+0.5	5.0	FORT PLUS [R:13-16]	1.44
TSV:	2026-02-14	16:00	fa cup	Norwich (—) vs West Brom (—)	HT+0.5	5.0	FORT PLUS [R:—-—]	1.38
TSV:	2026-02-14	16:00	fa cup	Port Vale (—) vs Bristol City (—)	HT+0.5	8.0	MEGA EXPLOSION [R:—-—]	1.36
TSV:	2026-02-14	16:00	fa cup	Southampton (—) vs Leicester (—)	HT+0.5	6.0	TRÈS FORT [R:—-—]	1.33

TSV:	2026-02-14	16:30	liga portugal	Casa Pia (15) vs Arouca (12)	HT+0.5	5.0	FORT PLUS [R:15-12]	1.44
TSV:	2026-02-14	16:30	eredivisie	Heracles (17) vs NAC Breda (18)	HT+0.5	8.0	MEGA EXPLOSION [R:17-18]	1.38

TSV:	2026-02-14	17:00	ligue 1	Marseille (4) vs Strasbourg (8)	HT+0.5	8.0	MEGA EXPLOSION [R:4-8]	1.3

TSV:	2026-02-14	17:15	serie b	Catanzaro (5) vs Mantova (17)	HT+0.5	8.0	MEGA EXPLOSION [R:5-17]	1.3

TSV:	2026-02-14	18:00	czech first league	Sigma Olomouc (8) vs Plzen (4)	HT+0.5	5.0	FORT PLUS [R:8-4]	1.44
TSV:	2026-02-14	18:00	super lig	Trabzonspor (3) vs Fenerbahçe (2)	HT+0.5	8.0	MEGA EXPLOSION [R:3-2]	1.33
TSV:	2026-02-14	18:00	super league switzerland	FC ST. Gallen (2) vs Grasshoppers (11)	HT+0.5	8.0	MEGA EXPLOSION [R:2-11]	1.25
TSV:	2026-02-14	18:00	super league switzerland	FC Zurich (8) vs FC Luzern (9)	HT+0.5	6.0	TRÈS FORT [R:8-9]	1.25

TSV:	2026-02-14	18:15	pro league	Charleroi (8) vs Gent (7)	HT+0.5	8.0	MEGA EXPLOSION [R:8-7]	1.4

TSV:	2026-02-14	18:30	laliga	Sevilla (14) vs Alaves (15)	HT+0.5	6.0	TRÈS FORT [R:14-15]	1.48
TSV:	2026-02-14	18:30	laliga2	Cultural Leonesa (20) vs Zaragoza (21)	HT+0.5	6.0	TRÈS FORT [R:20-21]	1.44
TSV:	2026-02-14	18:30	saudi arabia	Al-Fateh (10) vs Al-Nassr (3)	HT+0.5	8.0	MEGA EXPLOSION [R:10-3]	1.18

TSV:	2026-02-14	18:45	fa cup	Aston Villa (—) vs Newcastle (—)	HT+0.5	8.0	MEGA EXPLOSION [R:—-—]	1.3

TSV:	2026-02-14	19:00	liga portugal	Guimaraes (9) vs Estrela (11)	HT+0.5	5.0	FORT PLUS [R:9-11]	1.42

TSV:	2026-02-14	19:15	superligaen	Paks (4) vs Diosgyori VTK (11)	HT+0.5	6.0	TRÈS FORT [R:4-11]	1.22

TSV:	2026-02-14	20:30	2. bundesliga	Dynamo Dresden (17) vs SV Elversberg (4)	HT+0.5	8.0	MEGA EXPLOSION [R:17-4]	1.3
TSV:	2026-02-14	20:30	super league switzerland	BSC Young Boys (6) vs FC Winterthur (12)	HT+0.5	8.0	MEGA EXPLOSION [R:6-12]	1.18

TSV:	2026-02-14	20:45	pro league	Standard Liege (9) vs Union St. Gilloise (1)	HT+0.5	5.0	FORT PLUS [R:9-1]	1.44
TSV:	2026-02-14	20:45	serie a italia	Inter (1) vs Juventus (4)	HT+0.5	6.0	TRÈS FORT [R:1-4]	1.42

TSV:	2026-02-14	21:00	laliga2	Granada CF (15) vs Valladolid (18)	HT+0.5	7.0	EXPLOSION [R:15-18]	1.44
TSV:	2026-02-14	21:00	eredivisie	Groningen (8) vs Utrecht (10)	HT+0.5	6.0	TRÈS FORT [R:8-10]	1.36
TSV:	2026-02-14	21:00	laliga	Real Madrid (2) vs Real Sociedad (8)	HT+0.5	6.0	TRÈS FORT [R:2-8]	1.22
TSV:	2026-02-14	21:00	fa cup	Liverpool (—) vs Brighton (—)	HT+0.5	5.0	FORT PLUS [R:—-—]	1.22

TSV:	2026-02-14	21:30	liga portugal	GIL Vicente (5) vs SC Braga (4)	HT+0.5	6.0	TRÈS FORT [R:5-4]	1.45

TSV:	2026-02-14	22:30	primera división paraguay	Olimpia (5) vs Rubio NU (—)	HT+0.5	8.0	MEGA EXPLOSION [R:5-—]	1.4
